variety,n,mean,sd
Setosa,50,3.428,0.37906436909628866
Versicolor,50,2.77,0.3137983233784114
Virginica,50,2.974,0.32249663817263746
