Sex,n,mean,sd
female,4453,153.2045587244554,19.749448213304216
male,4525,162.586408839779,25.12731100238056
